Metric,Data Size,Standard Deviation
encrypt_time,4426.0,0.0
encrypt_time,64968.0,0.0
encrypt_time,48146.0,0.0
encrypt_time,4380.0,0.0
encrypt_time,9163.0,0.0
encrypt_time,66615.0,0.0
encrypt_time,17493.0,0.0
encrypt_time,3654.0,0.0
encrypt_time,4374.0,0.0
encrypt_time,20400.0,4.2368948529497105e-05
encrypt_time,5499.0,9.15117707317222e-05
encrypt_time,5466.0,5.6678814854848285e-05
encrypt_time,5413.0,5.1856040954589844e-05
encrypt_time,5521.0,9.648865738293524e-05
encrypt_time,5445.0,4.262068666826415e-05
encrypt_time,5470.0,5.6467961649227304e-05
encrypt_time,5498.0,8.718528517135818e-05
encrypt_time,5484.0,5.5529729306840095e-05
encrypt_time,5448.0,7.256846399206207e-05
encrypt_time,5497.0,7.221207541953072e-05
encrypt_time,5441.0,0.00016249155635009686
encrypt_time,5588.0,6.327375790746818e-05
encrypt_time,5544.0,0.00013560093709641288
encrypt_time,5435.0,8.948509899645558e-05
encrypt_time,5562.0,4.3431804215624946e-05
encrypt_time,5595.0,0.00010652339605952523
encrypt_time,5442.0,6.832365685773009e-05
encrypt_time,5547.0,6.555119701613025e-05
encrypt_time,5496.0,9.102715815856068e-05
encrypt_time,5485.0,7.412582149109234e-05
encrypt_time,5560.0,4.2515193841984045e-05
encrypt_time,5572.0,3.5575052131744414e-05
encrypt_time,5550.0,0.00016758307773782004
encrypt_time,5510.0,5.244673414100493e-05
encrypt_time,5555.0,0.000148727701511721
encrypt_time,5529.0,9.926290298319288e-05
encrypt_time,5577.0,5.746345284160231e-05
encrypt_time,5606.0,0.00010782265699744432
encrypt_time,5556.0,8.076750613718432e-05
encrypt_time,5570.0,6.936591207215279e-05
encrypt_time,5610.0,9.344805317830054e-05
encrypt_time,5524.0,4.2184969485986365e-05
encrypt_time,5512.0,6.632254174909951e-05
encrypt_time,5503.0,0.00024423467628492294
encrypt_time,5534.0,8.205141675030201e-05
encrypt_time,5622.0,6.4200939823853e-05
encrypt_time,5602.0,5.333238814105336e-05
encrypt_time,5492.0,0.00010601053363597292
encrypt_time,5605.0,0.0001250638422882511
encrypt_time,5561.0,9.14186623490835e-05
encrypt_time,5443.0,1.7331177692457235e-05
encrypt_time,5516.0,6.193787030177924e-05
encrypt_time,5568.0,3.3930037036324307e-05
encrypt_time,5508.0,9.161320759834377e-05
encrypt_time,5479.0,9.59362626575698e-05
encrypt_time,5589.0,5.4467615972244096e-05
encrypt_time,5611.0,0.00013221245027806338
encrypt_time,5557.0,5.8661829129318235e-05
encrypt_time,5540.0,7.45815523605767e-05
encrypt_time,5623.0,8.612263185791583e-05
encrypt_time,5579.0,0.00011174509664923572
encrypt_time,5616.0,0.00022278055660948534
encrypt_time,5536.0,6.604343639090039e-05
encrypt_time,5552.0,6.356341664917272e-05
encrypt_time,5600.0,6.910470156108534e-05
encrypt_time,5543.0,6.058266494699747e-05
encrypt_time,5537.0,7.278384218415611e-05
encrypt_time,5575.0,0.0001173309858368645
encrypt_time,5615.0,9.49945018825879e-05
encrypt_time,5617.0,4.9660443233980926e-05
encrypt_time,5531.0,9.419307446765311e-05
encrypt_time,5553.0,6.134150069611453e-05
encrypt_time,5574.0,4.8682621885719826e-05
encrypt_time,5533.0,6.798214447781364e-05
encrypt_time,5619.0,1.0220222117177748e-05
encrypt_time,5594.0,9.523209655480525e-05
encrypt_time,5591.0,0.00013698933031479403
encrypt_time,5583.0,7.429611278293086e-05
encrypt_time,5643.0,2.763001580603399e-05
encrypt_time,5526.0,0.00010887401926881494
encrypt_time,5581.0,7.252409080019938e-05
encrypt_time,5528.0,7.755847748215167e-05
encrypt_time,5554.0,8.06070301451436e-05
encrypt_time,5487.0,2.4467454430848896e-05
encrypt_time,5584.0,5.093049449244001e-05
encrypt_time,5501.0,2.434070376630849e-05
encrypt_time,5477.0,6.63496737583387e-05
encrypt_time,5507.0,7.331412228243515e-05
encrypt_time,5519.0,0.00010185610554704969
encrypt_time,5559.0,0.0001241679354782118
encrypt_time,5505.0,5.3190714190322256e-05
encrypt_time,5488.0,0.00015397293875414638
encrypt_time,5546.0,9.736970393772051e-05
encrypt_time,5545.0,9.56134119812909e-05
encrypt_time,5500.0,0.00011394795849033189
encrypt_time,5471.0,6.898673103462236e-05
encrypt_time,5517.0,0.00015235343339464446
encrypt_time,5532.0,7.11531330671342e-05
encrypt_time,5482.0,1.590609133049435e-05
encrypt_time,5590.0,0.00010510962623174483
encrypt_time,5599.0,9.235017942314196e-06
encrypt_time,5548.0,4.572079904009224e-05
encrypt_time,5587.0,4.04432971303371e-05
encrypt_time,5549.0,0.0003117863198586345
encrypt_time,5564.0,7.76642818504027e-05
encrypt_time,5580.0,6.364746291739102e-05
encrypt_time,5511.0,5.7575402730373535e-05
encrypt_time,5558.0,7.005498492132175e-05
encrypt_time,5612.0,0.0001170740696872505
encrypt_time,5571.0,7.016469707196188e-05
encrypt_time,5626.0,4.702460617140919e-05
encrypt_time,5635.0,6.349781029216476e-05
encrypt_time,5604.0,8.00072465698551e-05
encrypt_time,5566.0,0.00014992904291457349
encrypt_time,5535.0,6.401933559127725e-05
encrypt_time,5607.0,0.00018172999328107945
encrypt_time,5603.0,4.033833347069667e-05
encrypt_time,5475.0,7.596624382880733e-05
encrypt_time,5514.0,5.000522318828359e-05
encrypt_time,5541.0,0.00011640265323148414
encrypt_time,5569.0,0.0001365522865914869
encrypt_time,5525.0,0.00013763384623502047
encrypt_time,5523.0,5.090343308950871e-05
encrypt_time,5486.0,7.20966469269743e-05
encrypt_time,5530.0,7.67907303640685e-05
encrypt_time,5434.0,0.00020067540223765032
encrypt_time,5551.0,9.58669225193112e-05
encrypt_time,5427.0,0.00022117140150069048
encrypt_time,5538.0,9.971012736987255e-05
encrypt_time,5490.0,5.3253547920966824e-05
encrypt_time,5582.0,3.9803730521221604e-05
encrypt_time,5513.0,0.0001219168934739948
encrypt_time,5506.0,6.634843730368802e-05
encrypt_time,5522.0,7.55712583721288e-05
encrypt_time,5631.0,0.00016672989276713353
encrypt_time,5573.0,7.635067178634664e-05
encrypt_time,5586.0,3.964182887695187e-05
encrypt_time,5596.0,0.00017538488439236978
encrypt_time,5462.0,3.085201012954502e-05
encrypt_time,5601.0,5.7093678531951245e-05
encrypt_time,5597.0,3.041354884549996e-05
encrypt_time,5621.0,6.105189875344875e-05
encrypt_time,5567.0,0.00010565350269144686
encrypt_time,5563.0,8.525112497917706e-05
encrypt_time,5598.0,0.00010188454272895392
encrypt_time,5565.0,0.0001266482633994698
encrypt_time,5613.0,4.600330081182584e-05
encrypt_time,5520.0,0.0001458769049769281
encrypt_time,5483.0,3.231109563496309e-05
encrypt_time,5457.0,6.601717033152292e-05
encrypt_time,5474.0,7.323214404962509e-05
encrypt_time,5472.0,7.230975924084786e-05
encrypt_time,5620.0,9.067838721769752e-05
encrypt_time,5585.0,5.4573507585766395e-05
encrypt_time,5439.0,0.0
encrypt_time,5458.0,0.00017531618382092543
encrypt_time,5509.0,6.410984370960762e-05
encrypt_time,5401.0,3.528594970703125e-05
encrypt_time,5495.0,8.490409609515704e-05
encrypt_time,5451.0,7.048534800740038e-05
encrypt_time,5461.0,4.930014794820599e-05
encrypt_time,5468.0,0.00016548245633571807
encrypt_time,5608.0,6.143822423489625e-05
encrypt_time,5592.0,8.409393542029458e-05
encrypt_time,5628.0,3.8509435025404466e-05
encrypt_time,5609.0,0.0001132668029168167
encrypt_time,5415.0,0.00016307830810546875
encrypt_time,5402.0,0.0
encrypt_time,5539.0,6.083758852782538e-05
encrypt_time,5527.0,0.0001396823599338838
encrypt_time,5659.0,0.0
encrypt_time,5671.0,6.484610182063817e-05
encrypt_time,5419.0,0.0
encrypt_time,5660.0,3.1828880310058594e-05
encrypt_time,5459.0,5.290063611850737e-05
encrypt_time,5493.0,4.6432188141479066e-05
encrypt_time,5453.0,6.407375001810392e-05
encrypt_time,5450.0,7.557406166027346e-05
encrypt_time,5421.0,1.0251998901367188e-05
encrypt_time,5452.0,0.0001455832314668325
encrypt_time,5634.0,2.2778646302215933e-05
encrypt_time,5593.0,0.00028010709121069983
encrypt_time,5467.0,5.8353214444059646e-05
encrypt_time,5667.0,0.0
encrypt_time,5666.0,2.276897430419922e-05
encrypt_time,5668.0,0.0
encrypt_time,5424.0,6.836042709075521e-05
encrypt_time,5423.0,0.0001673228042885785
encrypt_time,5436.0,7.14952434366854e-05
encrypt_time,5460.0,3.285370662078292e-05
encrypt_time,5437.0,0.00015361272232210474
encrypt_time,5464.0,0.00013760995880574245
encrypt_time,5446.0,1.7742872140445333e-05
encrypt_time,5465.0,0.00011734027410049345
encrypt_time,5480.0,5.5212312350612523e-05
encrypt_time,5430.0,0.0
encrypt_time,5542.0,8.57891207280602e-05
encrypt_time,5518.0,3.379608211786847e-05
encrypt_time,5447.0,0.00010692765388464996
encrypt_time,5432.0,0.0
encrypt_time,5456.0,0.00015304514798340194
encrypt_time,5651.0,2.0968043155813355e-05
encrypt_time,5576.0,8.813048124482314e-05
encrypt_time,5674.0,0.0
encrypt_time,5627.0,0.0002082950943090011
encrypt_time,5647.0,3.814697265625e-05
encrypt_time,5670.0,0.0
encrypt_time,5625.0,9.273984731430088e-05
encrypt_time,5578.0,0.00012923599707430458
encrypt_time,5664.0,0.0
encrypt_time,5636.0,0.00010560912203522673
encrypt_time,5491.0,3.574212590084686e-05
encrypt_time,5624.0,8.686520405837705e-05
encrypt_time,5494.0,4.746259234120898e-05
encrypt_time,5463.0,0.00010156759073234927
encrypt_time,5515.0,3.610639606980351e-05
encrypt_time,5390.0,0.0
encrypt_time,5473.0,4.1080040078807406e-05
encrypt_time,5481.0,5.1738113469478156e-05
encrypt_time,5649.0,4.586363430187153e-05
encrypt_time,5675.0,4.172325134277344e-05
encrypt_time,5614.0,3.052986910788255e-05
encrypt_time,5676.0,0.00010120868682861328
encrypt_time,5633.0,0.00011008189624728885
encrypt_time,5630.0,1.974083879021623e-05
encrypt_time,5653.0,5.9476622211241986e-05
encrypt_time,5489.0,0.00025760681218968585
encrypt_time,5637.0,4.785361481321461e-05
encrypt_time,5644.0,5.364418029785156e-06
encrypt_time,5639.0,7.151307773929409e-05
encrypt_time,5418.0,0.00010172274457284117
encrypt_time,5476.0,9.887347025741335e-05
encrypt_time,5478.0,8.008744109679649e-05
encrypt_time,5650.0,9.787111712097873e-05
encrypt_time,5629.0,0.00010650867295446154
encrypt_time,5438.0,5.081894110827514e-05
encrypt_time,5440.0,0.0001231040112134392
encrypt_time,5340.0,0.0
encrypt_time,5425.0,0.0
encrypt_time,5428.0,8.534079723588979e-05
encrypt_time,5372.0,0.0
encrypt_time,5455.0,5.6370805933351045e-05
encrypt_time,5429.0,1.2993812561035156e-05
encrypt_time,5433.0,7.855892181396484e-05
encrypt_time,5407.0,0.0
encrypt_time,5416.0,2.1375724821813414e-05
encrypt_time,5417.0,5.221366882324219e-05
encrypt_time,5502.0,0.00010640666124384974
encrypt_time,5408.0,0.0
encrypt_time,5449.0,0.0001257394558536689
encrypt_time,5404.0,0.00014126300811767578
encrypt_time,5693.0,0.0
encrypt_time,5665.0,1.6689300537109375e-05
encrypt_time,5657.0,0.0
encrypt_time,5397.0,8.165836334228516e-05
encrypt_time,5469.0,3.772484150945835e-05
encrypt_time,5646.0,0.00011277198791503906
encrypt_time,5713.0,0.0
encrypt_time,5692.0,0.0
encrypt_time,5632.0,0.00010952205478550571
encrypt_time,5652.0,2.96176913323775e-05
encrypt_time,5678.0,2.5510787963867188e-05
encrypt_time,5618.0,5.751452558653463e-05
encrypt_time,5504.0,0.0001234495763606837
encrypt_time,5422.0,0.0
encrypt_time,5399.0,5.9604644775390625e-06
encrypt_time,5431.0,9.298324584960938e-06
encrypt_time,5697.0,2.968311309814453e-05
encrypt_time,5708.0,0.0
encrypt_time,5640.0,6.095815715304364e-05
encrypt_time,5682.0,0.0
encrypt_time,5420.0,9.369850158691406e-05
encrypt_time,5641.0,0.0
encrypt_time,5711.0,0.0
encrypt_time,5669.0,0.0001187111194073318
encrypt_time,5648.0,0.00012993812561035156
encrypt_time,5718.0,0.0
encrypt_time,5684.0,2.205371856689453e-05
encrypt_time,5698.0,0.0
encrypt_time,5655.0,5.9604644775390625e-06
encrypt_time,5663.0,9.584354391925718e-05
encrypt_time,5688.0,0.0
encrypt_time,5393.0,0.0
encrypt_time,5411.0,6.74234364946575e-05
encrypt_time,5426.0,0.0
encrypt_time,5414.0,0.0
encrypt_time,5385.0,0.0
encrypt_time,5391.0,0.0
encrypt_time,5403.0,3.956950412357385e-05
encrypt_time,5405.0,0.0
encrypt_time,5679.0,0.0
encrypt_time,5681.0,0.00036394596099853516
encrypt_time,5654.0,0.0
encrypt_time,5662.0,0.0
encrypt_time,5645.0,6.377696990966797e-05
encrypt_time,5406.0,0.0
encrypt_time,5454.0,0.0
encrypt_time,5444.0,0.0
sign_time,4426.0,0.0
sign_time,64968.0,0.0
sign_time,48146.0,0.0
sign_time,4380.0,0.0
sign_time,9163.0,0.0
sign_time,66615.0,0.0
sign_time,17493.0,0.0
sign_time,3654.0,0.0
sign_time,4374.0,0.0
sign_time,20400.0,3.6540234669280528e-06
sign_time,5499.0,2.161910122275786e-05
sign_time,5466.0,1.3469067202084515e-05
sign_time,5413.0,6.9141387939453125e-06
sign_time,5521.0,1.991363029472578e-05
sign_time,5445.0,1.3259454808656364e-05
sign_time,5470.0,1.7925743892694353e-05
sign_time,5498.0,3.3623644614533226e-05
sign_time,5484.0,1.5343046018747253e-05
sign_time,5448.0,1.5910704625046765e-05
sign_time,5497.0,3.995932657936642e-05
sign_time,5441.0,4.158180941146309e-05
sign_time,5588.0,1.6723738723859755e-05
sign_time,5544.0,2.633385701872509e-05
sign_time,5435.0,3.7046459167458996e-05
sign_time,5562.0,7.945298900144777e-06
sign_time,5595.0,2.0051782096194964e-05
sign_time,5442.0,1.3211451644830055e-05
sign_time,5547.0,1.8976496006608445e-05
sign_time,5496.0,1.535652568853719e-05
sign_time,5485.0,3.333727799111811e-05
sign_time,5560.0,9.774260363074611e-06
sign_time,5572.0,1.0484763215379744e-05
sign_time,5550.0,2.8307778708694236e-05
sign_time,5510.0,2.180177889729916e-05
sign_time,5555.0,4.3049520881972104e-05
sign_time,5529.0,1.6196031480903498e-05
sign_time,5577.0,3.761411493785957e-05
sign_time,5606.0,8.102080483201783e-06
sign_time,5556.0,2.7411442654641548e-05
sign_time,5570.0,2.9419939699383262e-05
sign_time,5610.0,2.2208363236604e-05
sign_time,5524.0,1.9600853036297932e-05
sign_time,5512.0,1.7419065817189054e-05
sign_time,5503.0,4.516304939105199e-05
sign_time,5534.0,2.0005047412394095e-05
sign_time,5622.0,1.7834662337891817e-05
sign_time,5602.0,1.9706100006255194e-05
sign_time,5492.0,2.9452714715803232e-05
sign_time,5605.0,3.8173197136404154e-05
sign_time,5561.0,1.4160056566019069e-05
sign_time,5443.0,5.2082318957951155e-06
sign_time,5516.0,1.4025616519287877e-05
sign_time,5568.0,2.1115465077819528e-05
sign_time,5508.0,3.389375008365445e-05
sign_time,5479.0,3.15471320064703e-05
sign_time,5589.0,1.569346965010608e-05
sign_time,5611.0,2.2359528774592787e-05
sign_time,5557.0,2.2074380423158333e-05
sign_time,5540.0,1.5402766955365796e-05
sign_time,5623.0,1.7378408569471284e-05
sign_time,5579.0,1.0281453956046927e-05
sign_time,5616.0,3.913586488773672e-05
sign_time,5536.0,2.451907610043501e-05
sign_time,5552.0,1.9384367254022267e-05
sign_time,5600.0,2.105961507061089e-05
sign_time,5543.0,9.978567942943087e-06
sign_time,5537.0,2.733984771833535e-05
sign_time,5575.0,1.8773560284598107e-05
sign_time,5615.0,2.3792352905454434e-05
sign_time,5617.0,3.181121477224153e-05
sign_time,5531.0,4.20357725720385e-05
sign_time,5553.0,1.4415393398176634e-05
sign_time,5574.0,1.3069253181789324e-05
sign_time,5533.0,2.3688043729760072e-05
sign_time,5619.0,2.135440324551964e-06
sign_time,5594.0,2.3204723819320392e-05
sign_time,5591.0,1.3888339035735662e-05
sign_time,5583.0,1.9201401367249225e-05
sign_time,5643.0,6.930561949610059e-06
sign_time,5526.0,1.7359579664682205e-05
sign_time,5581.0,2.8369267873094812e-05
sign_time,5528.0,3.709631198129223e-05
sign_time,5554.0,3.027926384081029e-05
sign_time,5487.0,1.0833906934211677e-05
sign_time,5584.0,3.969393683362008e-05
sign_time,5501.0,6.651194684297238e-06
sign_time,5477.0,1.6262779438337702e-05
sign_time,5507.0,2.6142909458883665e-05
sign_time,5519.0,2.7603575603082586e-05
sign_time,5559.0,2.5908480660535188e-05
sign_time,5505.0,1.4784310265551177e-05
sign_time,5488.0,4.36947039554775e-05
sign_time,5546.0,1.9026290691418467e-05
sign_time,5545.0,2.4865569068292912e-05
sign_time,5500.0,2.5042008925748346e-05
sign_time,5471.0,1.7508756606805e-05
sign_time,5517.0,3.721149050103001e-05
sign_time,5532.0,1.9585162846211155e-05
sign_time,5482.0,4.757763400744045e-06
sign_time,5590.0,1.5846922223853704e-05
sign_time,5599.0,6.3804816468174985e-06
sign_time,5548.0,9.868644553888535e-06
sign_time,5587.0,1.2615046725117855e-05
sign_time,5549.0,7.065675132399049e-05
sign_time,5564.0,1.9232353339867847e-05
sign_time,5580.0,1.721067345937941e-05
sign_time,5511.0,1.5845085136002033e-05
sign_time,5558.0,2.1472237200161836e-05
sign_time,5612.0,2.217917782775999e-05
sign_time,5571.0,2.654783711335473e-05
sign_time,5626.0,1.9603981258437496e-05
sign_time,5635.0,1.6815119992455504e-05
sign_time,5604.0,1.8577822147776963e-05
sign_time,5566.0,1.886606683445389e-05
sign_time,5535.0,1.2385710488920881e-05
sign_time,5607.0,1.0552789842312809e-05
sign_time,5603.0,1.3054369756702252e-05
sign_time,5475.0,1.5352095948403084e-05
sign_time,5514.0,1.027616822021275e-05
sign_time,5541.0,2.9349370007545216e-05
sign_time,5569.0,2.6369599707392766e-05
sign_time,5525.0,2.172788344297611e-05
sign_time,5523.0,2.8931001678717046e-05
sign_time,5486.0,1.76604287700564e-05
sign_time,5530.0,1.761243011884345e-05
sign_time,5434.0,6.397886051006837e-05
sign_time,5551.0,3.07362342352607e-05
sign_time,5427.0,3.3050439611882884e-05
sign_time,5538.0,5.691449610387763e-05
sign_time,5490.0,1.561535882468848e-05
sign_time,5582.0,1.7371320126166085e-05
sign_time,5513.0,0.00013504349793779842
sign_time,5506.0,1.6661909299269868e-05
sign_time,5522.0,2.5582813478474953e-05
sign_time,5631.0,3.74264014776739e-05
sign_time,5573.0,2.3606613653322466e-05
sign_time,5586.0,7.280196959816846e-06
sign_time,5596.0,1.7269033648414892e-05
sign_time,5462.0,1.7463411537757975e-05
sign_time,5601.0,1.162094319720879e-05
sign_time,5597.0,7.3341744742773715e-06
sign_time,5621.0,2.0131385824668232e-05
sign_time,5567.0,3.058015965599587e-05
sign_time,5563.0,3.547659028753575e-05
sign_time,5598.0,1.9778595902803667e-05
sign_time,5565.0,2.1391993247585564e-05
sign_time,5613.0,9.674901023636406e-06
sign_time,5520.0,1.5860519766245205e-05
sign_time,5483.0,3.0464207466311283e-05
sign_time,5457.0,1.5101968046916546e-05
sign_time,5474.0,2.7605587347246927e-05
sign_time,5472.0,2.9348005101134814e-05
sign_time,5620.0,2.190540162809033e-05
sign_time,5585.0,1.4002215774581698e-05
sign_time,5439.0,0.0
sign_time,5458.0,5.5209040533026445e-05
sign_time,5509.0,1.7010829112471145e-05
sign_time,5401.0,2.562999725341797e-05
sign_time,5495.0,2.028255748743478e-05
sign_time,5451.0,1.6920255230349632e-05
sign_time,5461.0,1.0717939801205454e-05
sign_time,5468.0,5.1389144625166476e-05
sign_time,5608.0,1.7781870768239664e-05
sign_time,5592.0,1.5226453111757306e-05
sign_time,5628.0,7.4310141177461996e-06
sign_time,5609.0,1.6294300869170856e-05
sign_time,5415.0,3.170967102050781e-05
sign_time,5402.0,0.0
sign_time,5539.0,2.3480706559304058e-05
sign_time,5527.0,2.487266666072819e-05
sign_time,5659.0,0.0
sign_time,5671.0,1.8572547161547595e-05
sign_time,5419.0,0.0
sign_time,5660.0,7.3909759521484375e-06
sign_time,5459.0,1.1024120351502315e-05
sign_time,5493.0,2.0771937354712365e-05
sign_time,5453.0,1.619871341830911e-05
sign_time,5450.0,4.64320862059456e-05
sign_time,5421.0,4.5299530029296875e-06
sign_time,5452.0,3.344962533641766e-05
sign_time,5634.0,2.8366356368978416e-06
sign_time,5593.0,5.576029013702049e-05
sign_time,5467.0,1.2758687732838488e-05
sign_time,5667.0,0.0
sign_time,5666.0,4.172325134277344e-06
sign_time,5668.0,0.0
sign_time,5424.0,5.520933288878889e-06
sign_time,5423.0,1.5553957395839776e-06
sign_time,5436.0,1.6982512880352714e-05
sign_time,5460.0,1.2981385729461616e-05
sign_time,5437.0,3.232660533271464e-05
sign_time,5464.0,3.885255717963439e-05
sign_time,5446.0,3.137605711996998e-06
sign_time,5465.0,2.8478236003708157e-05
sign_time,5480.0,1.7053446157270136e-05
sign_time,5430.0,0.0
sign_time,5542.0,1.8613071404309114e-05
sign_time,5518.0,3.596127142948506e-05
sign_time,5447.0,1.588781531094069e-05
sign_time,5432.0,0.0
sign_time,5456.0,7.619553417863469e-06
sign_time,5651.0,5.586122377627362e-06
sign_time,5576.0,1.4928286420931845e-05
sign_time,5674.0,0.0
sign_time,5627.0,5.498334551127732e-05
sign_time,5647.0,8.821487426757812e-06
sign_time,5670.0,0.0
sign_time,5625.0,2.9149718408114934e-05
sign_time,5578.0,6.719978961692641e-05
sign_time,5664.0,0.0
sign_time,5636.0,2.4770255207486588e-05
sign_time,5491.0,1.6361856065283363e-05
sign_time,5624.0,1.8236512279594412e-05
sign_time,5494.0,1.0080495193502875e-05
sign_time,5463.0,1.8400354484506517e-05
sign_time,5515.0,8.177792018004654e-06
sign_time,5390.0,0.0
sign_time,5473.0,1.593592350955996e-05
sign_time,5481.0,8.92151434880812e-06
sign_time,5649.0,1.2070639613594937e-05
sign_time,5675.0,7.510185241699219e-06
sign_time,5614.0,1.0834386631661387e-05
sign_time,5676.0,2.1457672119140625e-06
sign_time,5633.0,2.3956993960211798e-05
sign_time,5630.0,4.717435583450646e-06
sign_time,5653.0,1.557161125426396e-05
sign_time,5489.0,2.7080959199941092e-05
sign_time,5637.0,1.2376038632175734e-05
sign_time,5644.0,1.430511474609375e-06
sign_time,5639.0,1.4982741938664535e-05
sign_time,5418.0,2.274648194538226e-05
sign_time,5476.0,2.8783249434773582e-05
sign_time,5478.0,1.3198298303762076e-05
sign_time,5650.0,2.3828741280239946e-05
sign_time,5629.0,1.9066365555231684e-05
sign_time,5438.0,2.1844346871265905e-05
sign_time,5440.0,1.444290772838944e-05
sign_time,5340.0,0.0
sign_time,5425.0,0.0
sign_time,5428.0,1.5489209385268208e-05
sign_time,5372.0,0.0
sign_time,5455.0,2.125833438068821e-05
sign_time,5429.0,3.123283386230469e-05
sign_time,5433.0,1.0371208190917969e-05
sign_time,5407.0,0.0
sign_time,5416.0,5.846118848437895e-06
sign_time,5417.0,1.728534698486328e-05
sign_time,5502.0,1.5409498747383976e-05
sign_time,5408.0,0.0
sign_time,5449.0,7.488089558270403e-05
sign_time,5404.0,5.960464477539062e-07
sign_time,5693.0,0.0
sign_time,5665.0,7.271766662597656e-06
sign_time,5657.0,0.0
sign_time,5397.0,2.6702880859375e-05
sign_time,5469.0,1.1284631171143192e-05
sign_time,5646.0,2.1338462829589844e-05
sign_time,5713.0,0.0
sign_time,5692.0,0.0
sign_time,5632.0,5.635372512771749e-05
sign_time,5652.0,1.507179264847572e-05
sign_time,5678.0,8.344650268554688e-06
sign_time,5618.0,1.811179323839288e-05
sign_time,5504.0,1.740383773783665e-05
sign_time,5422.0,0.0
sign_time,5399.0,1.7881393432617188e-06
sign_time,5431.0,6.4373016357421875e-06
sign_time,5697.0,5.960464477539062e-07
sign_time,5708.0,0.0
sign_time,5640.0,1.921082759679541e-05
sign_time,5682.0,0.0
sign_time,5420.0,3.993511199951172e-05
sign_time,5641.0,0.0
sign_time,5711.0,0.0
sign_time,5669.0,1.8480473272797765e-05
sign_time,5648.0,9.5367431640625e-06
sign_time,5718.0,0.0
sign_time,5684.0,4.0531158447265625e-06
sign_time,5698.0,0.0
sign_time,5655.0,5.257129669189453e-05
sign_time,5663.0,1.58902003316418e-05
sign_time,5688.0,0.0
sign_time,5393.0,0.0
sign_time,5411.0,1.0964374809134354e-05
sign_time,5426.0,0.0
sign_time,5414.0,0.0
sign_time,5385.0,0.0
sign_time,5391.0,0.0
sign_time,5403.0,1.249974442307019e-05
sign_time,5405.0,0.0
sign_time,5679.0,0.0
sign_time,5681.0,1.9669532775878906e-05
sign_time,5654.0,0.0
sign_time,5662.0,0.0
sign_time,5645.0,2.5391578674316406e-05
sign_time,5406.0,0.0
sign_time,5454.0,0.0
sign_time,5444.0,0.0
verify_time,4426.0,0.0
verify_time,64968.0,0.0
verify_time,48146.0,0.0
verify_time,4380.0,0.0
verify_time,9163.0,0.0
verify_time,66615.0,0.0
verify_time,17493.0,0.0
verify_time,3654.0,0.0
verify_time,4374.0,0.0
verify_time,20400.0,2.2050245830684877e-05
verify_time,5499.0,2.991786388023524e-05
verify_time,5466.0,1.4552050142854887e-05
verify_time,5413.0,3.2186508178710938e-06
verify_time,5521.0,1.52659028376221e-05
verify_time,5445.0,2.2132654140024666e-05
verify_time,5470.0,8.119970750343796e-05
verify_time,5498.0,5.4383793683124855e-05
verify_time,5484.0,1.6979420647212925e-05
verify_time,5448.0,2.4246223121585103e-05
verify_time,5497.0,5.3472001206659595e-05
verify_time,5441.0,3.7012485385419985e-05
verify_time,5588.0,2.207238857612166e-05
verify_time,5544.0,2.0601695325329366e-05
verify_time,5435.0,1.348745981367298e-05
verify_time,5562.0,7.132965868839595e-06
verify_time,5595.0,2.8203779199206986e-05
verify_time,5442.0,9.152931034036601e-06
verify_time,5547.0,1.6759401643434877e-05
verify_time,5496.0,2.515926106302323e-05
verify_time,5485.0,3.6863244177452376e-05
verify_time,5560.0,1.2279274373244738e-05
verify_time,5572.0,1.575657870120786e-05
verify_time,5550.0,4.427309026414224e-05
verify_time,5510.0,3.533459665617451e-05
verify_time,5555.0,9.260740792231014e-05
verify_time,5529.0,2.6807027169983842e-05
verify_time,5577.0,3.833518910762304e-05
verify_time,5606.0,1.6340300765419988e-05
verify_time,5556.0,2.0718499836984005e-05
verify_time,5570.0,3.677274836094324e-05
verify_time,5610.0,2.6432449589821335e-05
verify_time,5524.0,2.765940965705445e-05
verify_time,5512.0,1.680624338220231e-05
verify_time,5503.0,9.378074113891798e-05
verify_time,5534.0,2.6175488768300893e-05
verify_time,5622.0,1.863778265960098e-05
verify_time,5602.0,2.6911731604171288e-05
verify_time,5492.0,3.63940240625732e-05
verify_time,5605.0,3.551588661273817e-05
verify_time,5561.0,1.9575675367128313e-05
verify_time,5443.0,7.726233542345593e-06
verify_time,5516.0,1.5490249943663008e-05
verify_time,5568.0,3.812180478996778e-05
verify_time,5508.0,4.6583419228231094e-05
verify_time,5479.0,5.6525206500990846e-05
verify_time,5589.0,1.0921664548579173e-05
verify_time,5611.0,1.8766070658141484e-05
verify_time,5557.0,4.8829987609623445e-05
verify_time,5540.0,1.3984062097689551e-05
verify_time,5623.0,2.2750936667740014e-05
verify_time,5579.0,1.3227418935217697e-05
verify_time,5616.0,2.7528141321922167e-05
verify_time,5536.0,1.5115261571781396e-05
verify_time,5552.0,3.814423736726311e-05
verify_time,5600.0,2.9790631673125686e-05
verify_time,5543.0,9.32292206877348e-06
verify_time,5537.0,2.8339402203964528e-05
verify_time,5575.0,3.5566407800403436e-05
verify_time,5615.0,1.5803498071809864e-05
verify_time,5617.0,3.841115368046282e-05
verify_time,5531.0,7.001007689756449e-05
verify_time,5553.0,3.691620787672965e-05
verify_time,5574.0,2.5376395938238493e-05
verify_time,5533.0,3.694144510179172e-05
verify_time,5619.0,2.1442949872385724e-06
verify_time,5594.0,3.350145379433787e-05
verify_time,5591.0,1.4258378505566802e-05
verify_time,5583.0,2.1717838071548143e-05
verify_time,5643.0,1.0775754909885227e-05
verify_time,5526.0,8.26963585644255e-05
verify_time,5581.0,4.280849500469503e-05
verify_time,5528.0,3.289745778786224e-05
verify_time,5554.0,3.502366512539382e-05
verify_time,5487.0,4.290539546184716e-05
verify_time,5584.0,6.34090157039579e-05
verify_time,5501.0,2.1976761964163322e-05
verify_time,5477.0,3.5405848858434916e-05
verify_time,5507.0,2.7786272166572074e-05
verify_time,5519.0,2.730048488953254e-05
verify_time,5559.0,2.3753281457641954e-05
verify_time,5505.0,2.4938760655107112e-05
verify_time,5488.0,9.883210719626255e-05
verify_time,5546.0,2.6540850701690942e-05
verify_time,5545.0,2.243028193365685e-05
verify_time,5500.0,1.9413983232549132e-05
verify_time,5471.0,2.3293065069087273e-05
verify_time,5517.0,3.027081315863786e-05
verify_time,5532.0,6.286107940630745e-05
verify_time,5482.0,5.1907398836796856e-06
verify_time,5590.0,4.538994155127761e-05
verify_time,5599.0,7.158453319300107e-06
verify_time,5548.0,9.497671755779445e-06
verify_time,5587.0,4.949528931944116e-05
verify_time,5549.0,0.0001571826605308881
verify_time,5564.0,2.0189180680166344e-05
verify_time,5580.0,3.365916035624488e-05
verify_time,5511.0,2.0487525186097003e-05
verify_time,5558.0,1.7796129354569554e-05
verify_time,5612.0,2.611295913810269e-05
verify_time,5571.0,5.047520467054554e-05
verify_time,5626.0,2.3466299444287033e-05
verify_time,5635.0,1.818157011316397e-05
verify_time,5604.0,1.9074096852041663e-05
verify_time,5566.0,1.5496561146969527e-05
verify_time,5535.0,1.713099025364041e-05
verify_time,5607.0,1.5463076198812818e-05
verify_time,5603.0,1.634004340871019e-05
verify_time,5475.0,1.9601944999344995e-05
verify_time,5514.0,1.5682465320287384e-05
verify_time,5541.0,5.651387765430208e-05
verify_time,5569.0,3.680751640314848e-05
verify_time,5525.0,3.21655194004027e-05
verify_time,5523.0,3.3643649423034185e-05
verify_time,5486.0,1.5218521420974666e-05
verify_time,5530.0,2.1815290940334386e-05
verify_time,5434.0,2.3140423862227044e-05
verify_time,5551.0,2.2919023210053137e-05
verify_time,5427.0,3.537544454950925e-05
verify_time,5538.0,5.97152616005537e-05
verify_time,5490.0,1.7667398426503905e-05
verify_time,5582.0,2.471766353651594e-05
verify_time,5513.0,4.451505366948576e-05
verify_time,5506.0,1.4941552962757644e-05
verify_time,5522.0,3.242197049562837e-05
verify_time,5631.0,7.909781653736976e-05
verify_time,5573.0,3.500375954104023e-05
verify_time,5586.0,1.5700716752834387e-05
verify_time,5596.0,4.745341688887317e-05
verify_time,5462.0,1.8719755250775244e-05
verify_time,5601.0,7.201661986555689e-06
verify_time,5597.0,6.0190513372515845e-06
verify_time,5621.0,1.8956044209813225e-05
verify_time,5567.0,2.222495058812311e-05
verify_time,5563.0,3.224375217060946e-05
verify_time,5598.0,2.6027717964022815e-05
verify_time,5565.0,2.2070968171023553e-05
verify_time,5613.0,1.1060470053623167e-05
verify_time,5520.0,2.636539287069189e-05
verify_time,5483.0,3.854632694116618e-05
verify_time,5457.0,2.962674875402354e-05
verify_time,5474.0,4.730900521016978e-05
verify_time,5472.0,1.7946636779184402e-05
verify_time,5620.0,1.8479440981283384e-05
verify_time,5585.0,5.4367800955731294e-05
verify_time,5439.0,0.0
verify_time,5458.0,8.175357106922849e-05
verify_time,5509.0,2.4679053765630483e-05
verify_time,5401.0,2.682209014892578e-05
verify_time,5495.0,3.2073576335206674e-05
verify_time,5451.0,4.704855382032798e-05
verify_time,5461.0,1.2189242963168444e-05
verify_time,5468.0,3.251527916630928e-05
verify_time,5608.0,4.0815422426699545e-05
verify_time,5592.0,1.4064809556562545e-05
verify_time,5628.0,9.766435217029591e-06
verify_time,5609.0,2.4201071269144707e-05
verify_time,5415.0,2.4437904357910156e-05
verify_time,5402.0,0.0
verify_time,5539.0,1.423030660665964e-05
verify_time,5527.0,3.101021909758789e-05
verify_time,5659.0,0.0
verify_time,5671.0,2.5981018556541253e-05
verify_time,5419.0,0.0
verify_time,5660.0,4.291534423828125e-06
verify_time,5459.0,8.65059431174509e-06
verify_time,5493.0,1.9596919495964574e-05
verify_time,5453.0,2.3882640291012094e-05
verify_time,5450.0,2.6141332433621066e-05
verify_time,5421.0,2.0265579223632812e-06
verify_time,5452.0,8.256927982807887e-05
verify_time,5634.0,3.440357974674441e-06
verify_time,5593.0,7.24185553025499e-05
verify_time,5467.0,2.031429518980681e-05
verify_time,5667.0,0.0
verify_time,5666.0,5.125999450683594e-06
verify_time,5668.0,0.0
verify_time,5424.0,1.064521082302907e-05
verify_time,5423.0,6.491643629054866e-06
verify_time,5436.0,4.6215552066811296e-05
verify_time,5460.0,1.6040971171855147e-05
verify_time,5437.0,8.036465763438198e-06
verify_time,5464.0,2.212944575495035e-05
verify_time,5446.0,3.8531533143267595e-06
verify_time,5465.0,3.7670123709151684e-05
verify_time,5480.0,3.7161717395237317e-05
verify_time,5430.0,0.0
verify_time,5542.0,2.6034610166013142e-05
verify_time,5518.0,1.1229602253641403e-05
verify_time,5447.0,1.081998979258061e-05
verify_time,5432.0,0.0
verify_time,5456.0,6.588295275874709e-06
verify_time,5651.0,4.9301364996196105e-06
verify_time,5576.0,1.2219969776858805e-05
verify_time,5674.0,0.0
verify_time,5627.0,2.0099878747147942e-05
verify_time,5647.0,2.9802322387695312e-06
verify_time,5670.0,0.0
verify_time,5625.0,4.038305958986711e-05
verify_time,5578.0,4.914690313503451e-05
verify_time,5664.0,0.0
verify_time,5636.0,3.5907233073845767e-05
verify_time,5491.0,1.6738206867654494e-05
verify_time,5624.0,1.832593827275077e-05
verify_time,5494.0,1.2886099355222857e-05
verify_time,5463.0,4.144291020105002e-05
verify_time,5515.0,8.253683104590314e-06
verify_time,5390.0,0.0
verify_time,5473.0,3.0628399869694064e-05
verify_time,5481.0,1.619316804102605e-05
verify_time,5649.0,1.5597181449090867e-05
verify_time,5675.0,5.841255187988281e-06
verify_time,5614.0,1.0258539464375302e-05
verify_time,5676.0,6.222724914550781e-05
verify_time,5633.0,6.220926588238784e-05
verify_time,5630.0,5.649564557587045e-06
verify_time,5653.0,2.3046444192108272e-05
verify_time,5489.0,4.520504003210629e-05
verify_time,5637.0,1.791325151050415e-05
verify_time,5644.0,1.430511474609375e-06
verify_time,5639.0,1.6150646930239274e-05
verify_time,5418.0,2.4367078632971955e-05
verify_time,5476.0,3.8437302525507214e-05
verify_time,5478.0,9.352844791364527e-06
verify_time,5650.0,2.4891915885233153e-05
verify_time,5629.0,2.12066368212608e-05
verify_time,5438.0,2.9676208688901838e-05
verify_time,5440.0,1.733450230722727e-05
verify_time,5340.0,0.0
verify_time,5425.0,0.0
verify_time,5428.0,1.3673341887408211e-05
verify_time,5372.0,0.0
verify_time,5455.0,3.809408248411931e-05
verify_time,5429.0,3.993511199951172e-05
verify_time,5433.0,9.775161743164062e-06
verify_time,5407.0,0.0
verify_time,5416.0,8.259707063450012e-06
verify_time,5417.0,3.826618194580078e-05
verify_time,5502.0,2.1276886945791877e-05
verify_time,5408.0,0.0
verify_time,5449.0,4.27238510056015e-05
verify_time,5404.0,6.67572021484375e-06
verify_time,5693.0,0.0
verify_time,5665.0,7.033348083496094e-06
verify_time,5657.0,0.0
verify_time,5397.0,3.135204315185547e-05
verify_time,5469.0,1.2466715770902408e-05
verify_time,5646.0,1.9788742065429688e-05
verify_time,5713.0,0.0
verify_time,5692.0,0.0
verify_time,5632.0,3.934786979815889e-05
verify_time,5652.0,7.153440350319919e-06
verify_time,5678.0,3.5762786865234375e-06
verify_time,5618.0,1.9277370380066025e-05
verify_time,5504.0,2.4737418371111166e-05
verify_time,5422.0,0.0
verify_time,5399.0,2.6226043701171875e-06
verify_time,5431.0,9.5367431640625e-06
verify_time,5697.0,2.1457672119140625e-06
verify_time,5708.0,0.0
verify_time,5640.0,2.417186984110932e-05
verify_time,5682.0,0.0
verify_time,5420.0,2.7179718017578125e-05
verify_time,5641.0,0.0
verify_time,5711.0,0.0
verify_time,5669.0,2.174973406181428e-05
verify_time,5648.0,1.6450881958007812e-05
verify_time,5718.0,0.0
verify_time,5684.0,4.291534423828125e-06
verify_time,5698.0,0.0
verify_time,5655.0,2.5391578674316406e-05
verify_time,5663.0,1.4581916271601474e-05
verify_time,5688.0,0.0
verify_time,5393.0,0.0
verify_time,5411.0,8.561702318390102e-06
verify_time,5426.0,0.0
verify_time,5414.0,0.0
verify_time,5385.0,0.0
verify_time,5391.0,0.0
verify_time,5403.0,2.9544884022406077e-05
verify_time,5405.0,0.0
verify_time,5679.0,0.0
verify_time,5681.0,2.0503997802734375e-05
verify_time,5654.0,0.0
verify_time,5662.0,0.0
verify_time,5645.0,2.7060508728027344e-05
verify_time,5406.0,0.0
verify_time,5454.0,0.0
verify_time,5444.0,0.0
decrypt_time,4426.0,0.0
decrypt_time,64968.0,0.0
decrypt_time,48146.0,0.0
decrypt_time,4380.0,0.0
decrypt_time,9163.0,0.0
decrypt_time,66615.0,0.0
decrypt_time,17493.0,0.0
decrypt_time,3654.0,0.0
decrypt_time,4374.0,0.0
decrypt_time,20400.0,0.00011531887118447217
decrypt_time,5499.0,0.00010208141111268098
decrypt_time,5466.0,6.599617806966779e-05
decrypt_time,5413.0,6.556510925292969e-06
decrypt_time,5521.0,4.1087294267363686e-05
decrypt_time,5445.0,5.8005142886899217e-05
decrypt_time,5470.0,0.00027152572420981766
decrypt_time,5498.0,9.720195258013607e-05
decrypt_time,5484.0,2.6399127971469683e-05
decrypt_time,5448.0,9.06967962921201e-05
decrypt_time,5497.0,0.00023076829328835897
decrypt_time,5441.0,6.354168930057949e-05
decrypt_time,5588.0,4.880631748066189e-05
decrypt_time,5544.0,5.251027742318972e-05
decrypt_time,5435.0,2.4399850520164817e-05
decrypt_time,5562.0,1.6597655123714392e-05
decrypt_time,5595.0,6.753666134837684e-05
decrypt_time,5442.0,1.6454576839083856e-05
decrypt_time,5547.0,4.850059974275275e-05
decrypt_time,5496.0,6.168167765413275e-05
decrypt_time,5485.0,9.951212333104703e-05
decrypt_time,5560.0,0.00011896556974307959
decrypt_time,5572.0,4.303125120474115e-05
decrypt_time,5550.0,0.00012201570149831044
decrypt_time,5510.0,8.378634477746809e-05
decrypt_time,5555.0,0.00024812920051656026
decrypt_time,5529.0,5.6621622980961e-05
decrypt_time,5577.0,5.1819565003442456e-05
decrypt_time,5606.0,3.691770920546132e-05
decrypt_time,5556.0,0.00020117290234854056
decrypt_time,5570.0,7.060750283618161e-05
decrypt_time,5610.0,0.00013252059572236284
decrypt_time,5524.0,6.889445424869089e-05
decrypt_time,5512.0,4.96406624278628e-05
decrypt_time,5503.0,0.0002662915467875159
decrypt_time,5534.0,6.694284617771764e-05
decrypt_time,5622.0,6.232001950539563e-05
decrypt_time,5602.0,5.788994008810621e-05
decrypt_time,5492.0,7.797680374574231e-05
decrypt_time,5605.0,0.00013792845327229976
decrypt_time,5561.0,3.202912919982314e-05
decrypt_time,5443.0,3.5556644140216904e-05
decrypt_time,5516.0,3.507722609988446e-05
decrypt_time,5568.0,4.8588221152489465e-05
decrypt_time,5508.0,5.7120080606744615e-05
decrypt_time,5479.0,0.00010616771591245173
decrypt_time,5589.0,3.8601891325271605e-05
decrypt_time,5611.0,7.418602026830067e-05
decrypt_time,5557.0,0.001040746959931572
decrypt_time,5540.0,4.8582054898392266e-05
decrypt_time,5623.0,8.756449550947308e-05
decrypt_time,5579.0,6.399450014606626e-05
decrypt_time,5616.0,6.669686065337258e-05
decrypt_time,5536.0,2.4806666116034404e-05
decrypt_time,5552.0,0.00012120310341096981
decrypt_time,5600.0,7.209692812354984e-05
decrypt_time,5543.0,1.8575063272048585e-05
decrypt_time,5537.0,0.0001227777878807504
decrypt_time,5575.0,0.00014022485579612016
decrypt_time,5615.0,3.9646017034274225e-05
decrypt_time,5617.0,0.00011803676221479443
decrypt_time,5531.0,0.00023875073954503532
decrypt_time,5553.0,6.23426220621371e-05
decrypt_time,5574.0,9.479702596665326e-05
decrypt_time,5533.0,0.00012724525392503704
decrypt_time,5619.0,2.3846890660091966e-05
decrypt_time,5594.0,0.0001781971241856996
decrypt_time,5591.0,0.00019418415683486554
decrypt_time,5583.0,6.832252997939932e-05
decrypt_time,5643.0,2.7251971039862292e-05
decrypt_time,5526.0,0.0002817236388602514
decrypt_time,5581.0,0.00010318484417653661
decrypt_time,5528.0,0.00015518961427486252
decrypt_time,5554.0,0.0001406351240231578
decrypt_time,5487.0,0.00018788928886513998
decrypt_time,5584.0,6.746982933289191e-05
decrypt_time,5501.0,6.637838717336603e-05
decrypt_time,5477.0,9.941654517444767e-05
decrypt_time,5507.0,8.221190530346372e-05
decrypt_time,5519.0,7.838637971442745e-05
decrypt_time,5559.0,5.466083241996702e-05
decrypt_time,5505.0,0.0001600749150229091
decrypt_time,5488.0,0.00020961424493899213
decrypt_time,5546.0,0.00011329942511609265
decrypt_time,5545.0,6.121974465603116e-05
decrypt_time,5500.0,0.0001234850943245703
decrypt_time,5471.0,0.00010197006473121575
decrypt_time,5517.0,7.092111044469558e-05
decrypt_time,5532.0,8.037080207704713e-05
decrypt_time,5482.0,1.539887917173114e-05
decrypt_time,5590.0,8.91449455854853e-05
decrypt_time,5599.0,2.162745316113747e-05
decrypt_time,5548.0,3.669780848978215e-05
decrypt_time,5587.0,8.550981638427681e-05
decrypt_time,5549.0,0.00021275524929321164
decrypt_time,5564.0,3.276900800428771e-05
decrypt_time,5580.0,0.0004039458774593733
decrypt_time,5511.0,6.894617530444637e-05
decrypt_time,5558.0,0.0001428766353406747
decrypt_time,5612.0,8.769774753259307e-05
decrypt_time,5571.0,0.00012942204955023633
decrypt_time,5626.0,6.652245801942649e-05
decrypt_time,5635.0,3.4569674509736145e-05
decrypt_time,5604.0,7.663140104426582e-05
decrypt_time,5566.0,5.923897513072519e-05
decrypt_time,5535.0,3.753419439780274e-05
decrypt_time,5607.0,6.34779515882411e-05
decrypt_time,5603.0,4.509136379798763e-05
decrypt_time,5475.0,4.563278732516138e-05
decrypt_time,5514.0,3.312445571573804e-05
decrypt_time,5541.0,0.00010687033004281809
decrypt_time,5569.0,0.000125809578259336
decrypt_time,5525.0,8.149461238452253e-05
decrypt_time,5523.0,0.0001476093767406108
decrypt_time,5486.0,3.0810553563400825e-05
decrypt_time,5530.0,9.399348846511262e-05
decrypt_time,5434.0,5.84531662324196e-05
decrypt_time,5551.0,6.981093307093653e-05
decrypt_time,5427.0,3.694617838092391e-05
decrypt_time,5538.0,0.00019157873079971076
decrypt_time,5490.0,5.558692895900145e-05
decrypt_time,5582.0,6.694861919850757e-05
decrypt_time,5513.0,8.003922897310302e-05
decrypt_time,5506.0,3.85233933440658e-05
decrypt_time,5522.0,0.00011420425640657973
decrypt_time,5631.0,0.000210503518665663
decrypt_time,5573.0,4.711733950898794e-05
decrypt_time,5586.0,8.197111278782765e-05
decrypt_time,5596.0,8.224692287556431e-05
decrypt_time,5462.0,7.913192618120975e-05
decrypt_time,5601.0,1.881664920755555e-05
decrypt_time,5597.0,1.7362480557970673e-05
decrypt_time,5621.0,0.00018385766779769008
decrypt_time,5567.0,8.077393603943404e-05
decrypt_time,5563.0,9.24395940461315e-05
decrypt_time,5598.0,8.094457795657426e-05
decrypt_time,5565.0,7.326391513727178e-05
decrypt_time,5613.0,3.585637750128511e-05
decrypt_time,5520.0,9.462808877503655e-05
decrypt_time,5483.0,4.881517405024695e-05
decrypt_time,5457.0,5.0927369322387365e-05
decrypt_time,5474.0,0.00011121788200246319
decrypt_time,5472.0,5.8524761992840825e-05
decrypt_time,5620.0,4.145898624532358e-05
decrypt_time,5585.0,9.38389873977801e-05
decrypt_time,5439.0,0.0
decrypt_time,5458.0,0.0001924655609943411
decrypt_time,5509.0,8.516978166887829e-05
decrypt_time,5401.0,0.0001519918441772461
decrypt_time,5495.0,8.008443438868996e-05
decrypt_time,5451.0,0.0001392986548853121
decrypt_time,5461.0,3.450222927429531e-05
decrypt_time,5468.0,0.00010290668222344711
decrypt_time,5608.0,7.607329767859223e-05
decrypt_time,5592.0,5.495832160554299e-05
decrypt_time,5628.0,3.3814983644192355e-05
decrypt_time,5609.0,0.00014149025653627392
decrypt_time,5415.0,0.0002334117889404297
decrypt_time,5402.0,0.0
decrypt_time,5539.0,5.392133037332381e-05
decrypt_time,5527.0,7.303382086293756e-05
decrypt_time,5659.0,0.0
decrypt_time,5671.0,7.60649283646098e-05
decrypt_time,5419.0,0.0
decrypt_time,5660.0,7.62939453125e-06
decrypt_time,5459.0,1.799411039063751e-05
decrypt_time,5493.0,3.575261289202178e-05
decrypt_time,5453.0,8.729160279490373e-05
decrypt_time,5450.0,5.882333035108461e-05
decrypt_time,5421.0,9.655952453613281e-06
decrypt_time,5452.0,0.00010004711978259828
decrypt_time,5634.0,1.0265851088338367e-05
decrypt_time,5593.0,0.00018265334328176796
decrypt_time,5467.0,0.00013236772008205677
decrypt_time,5667.0,0.0
decrypt_time,5666.0,3.230571746826172e-05
decrypt_time,5668.0,0.0
decrypt_time,5424.0,4.36205380435062e-05
decrypt_time,5423.0,1.1161453165934391e-05
decrypt_time,5436.0,7.483578565475493e-05
decrypt_time,5460.0,1.912699463189696e-05
decrypt_time,5437.0,4.9082099721084406e-05
decrypt_time,5464.0,7.628876652330613e-05
decrypt_time,5446.0,5.9062759512354415e-06
decrypt_time,5465.0,0.00016526501081043458
decrypt_time,5480.0,0.0001998532401427326
decrypt_time,5430.0,0.0
decrypt_time,5542.0,7.599652981982607e-05
decrypt_time,5518.0,4.8402183134774654e-05
decrypt_time,5447.0,3.188179343022053e-05
decrypt_time,5432.0,0.0
decrypt_time,5456.0,2.2412563859054725e-05
decrypt_time,5651.0,1.2733070054450776e-05
decrypt_time,5576.0,3.494926872598399e-05
decrypt_time,5674.0,0.0
decrypt_time,5627.0,5.5144616183620206e-05
decrypt_time,5647.0,8.797645568847656e-05
decrypt_time,5670.0,0.0
decrypt_time,5625.0,0.00011545927413702826
decrypt_time,5578.0,0.00013953094699987334
decrypt_time,5664.0,0.0
decrypt_time,5636.0,7.68766363687749e-05
decrypt_time,5491.0,3.674531552174021e-05
decrypt_time,5624.0,0.00018584312112540426
decrypt_time,5494.0,5.0347044532876414e-05
decrypt_time,5463.0,0.00014409184392259367
decrypt_time,5515.0,4.935760368044641e-05
decrypt_time,5390.0,0.0
decrypt_time,5473.0,0.00013403001280338294
decrypt_time,5481.0,3.568767235667529e-05
decrypt_time,5649.0,5.49037080744979e-05
decrypt_time,5675.0,1.800060272216797e-05
decrypt_time,5614.0,3.1253247469496074e-05
decrypt_time,5676.0,7.402896881103516e-05
decrypt_time,5633.0,8.915838730926817e-05
decrypt_time,5630.0,1.3909609420605471e-05
decrypt_time,5653.0,8.755284590854241e-05
decrypt_time,5489.0,0.00010596505800151503
decrypt_time,5637.0,6.314723108343166e-05
decrypt_time,5644.0,3.6954879760742188e-06
decrypt_time,5639.0,5.835955945158821e-05
decrypt_time,5418.0,0.00010457013874224099
decrypt_time,5476.0,9.120320346670258e-05
decrypt_time,5478.0,4.451147097612069e-05
decrypt_time,5650.0,6.929885264076942e-05
decrypt_time,5629.0,3.462810426421458e-05
decrypt_time,5438.0,0.00010998277738572214
decrypt_time,5440.0,5.560087909785667e-05
decrypt_time,5340.0,0.0
decrypt_time,5425.0,0.0
decrypt_time,5428.0,4.793871407731806e-05
decrypt_time,5372.0,0.0
decrypt_time,5455.0,6.468372443447425e-05
decrypt_time,5429.0,9.834766387939453e-05
decrypt_time,5433.0,1.3947486877441406e-05
decrypt_time,5407.0,0.0
decrypt_time,5416.0,5.346888803814743e-05
decrypt_time,5417.0,0.00013399124145507812
decrypt_time,5502.0,7.657989377465811e-05
decrypt_time,5408.0,0.0
decrypt_time,5449.0,6.654462859153423e-05
decrypt_time,5404.0,5.602836608886719e-06
decrypt_time,5693.0,0.0
decrypt_time,5665.0,4.112720489501953e-05
decrypt_time,5657.0,0.0
decrypt_time,5397.0,7.152557373046875e-05
decrypt_time,5469.0,2.87824059371415e-05
decrypt_time,5646.0,4.506111145019531e-05
decrypt_time,5713.0,0.0
decrypt_time,5692.0,0.0
decrypt_time,5632.0,9.601542373033185e-05
decrypt_time,5652.0,1.5577085969798795e-05
decrypt_time,5678.0,9.298324584960938e-06
decrypt_time,5618.0,4.9121299613044e-05
decrypt_time,5504.0,8.791622953680156e-05
decrypt_time,5422.0,0.0
decrypt_time,5399.0,7.748603820800781e-06
decrypt_time,5431.0,6.091594696044922e-05
decrypt_time,5697.0,4.112720489501953e-05
decrypt_time,5708.0,0.0
decrypt_time,5640.0,5.4786104597442964e-05
decrypt_time,5682.0,0.0
decrypt_time,5420.0,0.00011670589447021484
decrypt_time,5641.0,0.0
decrypt_time,5711.0,0.0
decrypt_time,5669.0,5.6472611092791086e-05
decrypt_time,5648.0,2.8014183044433594e-05
decrypt_time,5718.0,0.0
decrypt_time,5684.0,5.602836608886719e-06
decrypt_time,5698.0,0.0
decrypt_time,5655.0,5.125999450683594e-05
decrypt_time,5663.0,6.683700575049322e-05
decrypt_time,5688.0,0.0
decrypt_time,5393.0,0.0
decrypt_time,5411.0,2.0344741640106614e-05
decrypt_time,5426.0,0.0
decrypt_time,5414.0,0.0
decrypt_time,5385.0,0.0
decrypt_time,5391.0,0.0
decrypt_time,5403.0,0.00018210809992446017
decrypt_time,5405.0,0.0
decrypt_time,5679.0,0.0
decrypt_time,5681.0,9.298324584960938e-06
decrypt_time,5654.0,0.0
decrypt_time,5662.0,0.0
decrypt_time,5645.0,0.0002123117446899414
decrypt_time,5406.0,0.0
decrypt_time,5454.0,0.0
decrypt_time,5444.0,0.0
total_time,4426.0,0.0
total_time,64968.0,0.0
total_time,48146.0,0.0
total_time,4380.0,0.0
total_time,9163.0,0.0
total_time,66615.0,0.0
total_time,17493.0,0.0
total_time,3654.0,0.0
total_time,4374.0,0.0
total_time,20400.0,0.00016108280199877658
total_time,5499.0,0.00030102790810838595
total_time,5466.0,0.00021354558130004864
total_time,5413.0,8.64267349243164e-05
total_time,5521.0,0.00021151828136246897
total_time,5445.0,0.0001907470818420657
total_time,5470.0,0.0005237518709672894
total_time,5498.0,0.0004156152211939646
total_time,5484.0,0.00017766260153056677
total_time,5448.0,0.0002661534179705204
total_time,5497.0,0.0005469241426559102
total_time,5441.0,0.0004425194691415674
total_time,5588.0,0.0002352572593399767
total_time,5544.0,0.0003047524618961443
total_time,5435.0,0.00023935185662581158
total_time,5562.0,0.00011037087207675065
total_time,5595.0,0.00031730757779295206
total_time,5442.0,0.0001707943358546752
total_time,5547.0,0.00020566966139535538
total_time,5496.0,0.0002484782289134314
total_time,5485.0,0.0003894682858456765
total_time,5560.0,0.00021604304511519022
total_time,5572.0,0.0001558614543831084
total_time,5550.0,0.0004986091900013624
total_time,5510.0,0.0002922384657428101
total_time,5555.0,0.0007737281392292857
total_time,5529.0,0.0002223659483203856
total_time,5577.0,0.0003615581543005656
total_time,5606.0,0.00017768303484271306
total_time,5556.0,0.000492974815828519
total_time,5570.0,0.0002902156388028544
total_time,5610.0,0.00035214767599299723
total_time,5524.0,0.00022093572879584004
total_time,5512.0,0.00028314278551857435
total_time,5503.0,0.0009380207540400403
total_time,5534.0,0.0002916257062096667
total_time,5622.0,0.000232140982492964
total_time,5602.0,0.0002525212012937585
total_time,5492.0,0.00035479950257834845
total_time,5605.0,0.0004720689648329273
total_time,5561.0,0.000203077628968301
total_time,5443.0,7.48492488664488e-05
total_time,5516.0,0.00018953123817427923
total_time,5568.0,0.00020455827681325293
total_time,5508.0,0.0003708772967143197
total_time,5479.0,0.00042160671820952385
total_time,5589.0,0.00017504682688455886
total_time,5611.0,0.0003335287548165981
total_time,5557.0,0.001213377681700738
total_time,5540.0,0.00021812641987080554
total_time,5623.0,0.000328702639552295
total_time,5579.0,0.0002328392279186876
total_time,5616.0,0.0005297712271339779
total_time,5536.0,0.00021165805825317384
total_time,5552.0,0.0003530525439808557
total_time,5600.0,0.00029622807327064476
total_time,5543.0,0.0001421852842623553
total_time,5537.0,0.00035782073866719985
total_time,5575.0,0.00041281222228506154
total_time,5615.0,0.00022733432985307637
total_time,5617.0,0.00036523888375778244
total_time,5531.0,0.0006749731014286318
total_time,5553.0,0.00024661780801486885
total_time,5574.0,0.0002479875765967956
total_time,5533.0,0.0003281073290930773
total_time,5619.0,3.479949464117995e-05
total_time,5594.0,0.0004930046757497964
total_time,5591.0,0.0003193444206852089
total_time,5583.0,0.0002561311052636598
total_time,5643.0,0.00011013841677645781
total_time,5526.0,0.0005274863687648868
total_time,5581.0,0.0003707063143635391
total_time,5528.0,0.00596615948683577
total_time,5554.0,0.0003542287496046769
total_time,5487.0,0.0003125170887496248
total_time,5584.0,0.00037088479073589867
total_time,5501.0,0.0001423878391238146
total_time,5477.0,0.00029403510610479335
total_time,5507.0,0.0002896649592005968
total_time,5519.0,0.00029287699427932583
total_time,5559.0,0.000260611108380456
total_time,5505.0,0.00027246567571650624
total_time,5488.0,0.0006889052640031096
total_time,5546.0,0.000357371721376255
total_time,5545.0,0.00023982526382829646
total_time,5500.0,0.0002948731863080518
total_time,5471.0,0.0003151024773490506
total_time,5517.0,0.0004041660118962315
total_time,5532.0,0.00032805338984909097
total_time,5482.0,4.64862564989195e-05
total_time,5590.0,0.00029959076833783994
total_time,5599.0,6.055719709436423e-05
total_time,5548.0,0.000135305156241413
total_time,5587.0,0.00026837124743439664
total_time,5549.0,0.001078361259671011
total_time,5564.0,0.00019896464139838437
total_time,5580.0,0.0006362784355519511
total_time,5511.0,0.00020877505489404156
total_time,5558.0,0.00033039731371367354
total_time,5612.0,0.00037463179748007893
total_time,5571.0,0.0003133961387260043
total_time,5626.0,0.00026213584888312366
total_time,5635.0,0.00022279153704629992
total_time,5604.0,0.0002884485534645915
total_time,5566.0,0.0002884273172825692
total_time,5535.0,0.0001891206132793503
total_time,5607.0,0.0002813410364076152
total_time,5603.0,0.00018307788178416535
total_time,5475.0,0.00022215653913800114
total_time,5514.0,0.00013856863346097532
total_time,5541.0,0.00045624342281531743
total_time,5569.0,0.0010955207383723075
total_time,5525.0,0.00036189346045371624
total_time,5523.0,0.00035453391275317814
total_time,5486.0,0.00018661266939150168
total_time,5530.0,0.00028664939157491966
total_time,5434.0,0.00042567023360203996
total_time,5551.0,0.00034059104392425064
total_time,5427.0,0.00035167407174982554
total_time,5538.0,0.0006294181370596502
total_time,5490.0,0.0002242057961405055
total_time,5582.0,0.00020674011738446732
total_time,5513.0,0.0007422309548978603
total_time,5506.0,0.00018658817504788695
total_time,5522.0,0.0003615087823428264
total_time,5631.0,0.0007070107494302777
total_time,5573.0,0.00022990909623962625
total_time,5586.0,0.00018887926075627205
total_time,5596.0,0.00041123327050930045
total_time,5462.0,0.00019178631656486942
total_time,5601.0,0.00014392201461735295
total_time,5597.0,9.099935151195144e-05
total_time,5621.0,0.0004043053194654553
total_time,5567.0,0.00033294866601158595
total_time,5563.0,0.00034986889623734186
total_time,5598.0,0.00033150985550225504
total_time,5565.0,0.0003337771925442577
total_time,5613.0,0.00015520684381966344
total_time,5520.0,0.0003426558792844351
total_time,5483.0,0.0002463149251389157
total_time,5457.0,0.000215165728562206
total_time,5474.0,0.00034861323722082063
total_time,5472.0,0.00030131789793309306
total_time,5620.0,0.00026045146624662007
total_time,5585.0,0.0002798871292710415
total_time,5439.0,0.0
total_time,5458.0,0.0007551602711835132
total_time,5509.0,0.00025012357338160006
total_time,5401.0,0.0003285408020019531
total_time,5495.0,0.000297414683476404
total_time,5451.0,0.0003806822421214875
total_time,5461.0,0.0001609224543923102
total_time,5468.0,0.0005064906434614101
total_time,5608.0,0.0002722895088815945
total_time,5592.0,0.00020788529083170886
total_time,5628.0,0.0001223439636198535
total_time,5609.0,0.000396134787348101
total_time,5415.0,0.0006943941116333008
total_time,5402.0,0.0
total_time,5539.0,0.00021696895949573972
total_time,5527.0,0.00041060835012891753
total_time,5659.0,0.0
total_time,5671.0,0.00029548639540766594
total_time,5419.0,0.0
total_time,5660.0,6.258487701416016e-05
total_time,5459.0,0.0001305929651050893
total_time,5493.0,0.00037496890896139925
total_time,5453.0,0.00030246880364136045
total_time,5450.0,0.0003290133869468401
total_time,5421.0,5.817413330078125e-05
total_time,5452.0,0.0004877976249733417
total_time,5634.0,5.590609246328638e-05
total_time,5593.0,0.0007156479856684899
total_time,5467.0,0.0002786261136485512
total_time,5667.0,0.0
total_time,5666.0,0.00010442733764648438
total_time,5668.0,0.0
total_time,5424.0,0.00017619357038102144
total_time,5423.0,0.00019243230100355422
total_time,5436.0,0.0002737924159731237
total_time,5460.0,0.0001171464028892417
total_time,5437.0,0.000288123920684128
total_time,5464.0,0.0003832652960723315
total_time,5446.0,3.723568518428792e-05
total_time,5465.0,0.0005463710530924906
total_time,5480.0,0.00039430168606268914
total_time,5430.0,0.0
total_time,5542.0,0.0002853771406956201
total_time,5518.0,0.0002049055077469356
total_time,5447.0,0.00019660037089473128
total_time,5432.0,0.0
total_time,5456.0,0.0002446240801594525
total_time,5651.0,7.571807727551655e-05
total_time,5576.0,0.00020821867036709035
total_time,5674.0,0.0
total_time,5627.0,0.0004762805713628572
total_time,5647.0,0.00021219253540039062
total_time,5670.0,0.0
total_time,5625.0,0.00042881868140785215
total_time,5578.0,0.00048412355427523176
total_time,5664.0,0.0
total_time,5636.0,0.0003640633269311344
total_time,5491.0,0.0001717001238777283
total_time,5624.0,0.00039218425724643115
total_time,5494.0,0.00014606337618462418
total_time,5463.0,0.0003581141511570535
total_time,5515.0,0.0001613110378485073
total_time,5390.0,0.0
total_time,5473.0,0.00027066526710072794
total_time,5481.0,0.00014818057812166952
total_time,5649.0,0.00019008446420308052
total_time,5675.0,0.00013959407806396484
total_time,5614.0,0.00011651390823198085
total_time,5676.0,6.890296936035156e-05
total_time,5633.0,0.0004043861995691576
total_time,5630.0,8.355967476731943e-05
total_time,5653.0,0.00025672801693611745
total_time,5489.0,0.0005964914438611683
total_time,5637.0,0.00019755491465639924
total_time,5644.0,2.396106719970703e-05
total_time,5639.0,0.0002580081096469249
total_time,5418.0,0.0003169739779677917
total_time,5476.0,0.0003922407467090339
total_time,5478.0,0.00021897500500562587
total_time,5650.0,0.00031837703699841914
total_time,5629.0,0.0002583126275274761
total_time,5438.0,0.00029420000988273574
total_time,5440.0,0.00030533029511522005
total_time,5340.0,0.0
total_time,5425.0,0.0
total_time,5428.0,0.00019691327475857343
total_time,5372.0,0.0
total_time,5455.0,0.00028918629861867247
total_time,5429.0,0.00018894672393798828
total_time,5433.0,1.8477439880371094e-05
total_time,5407.0,0.0
total_time,5416.0,0.0001330036479854311
total_time,5417.0,0.0003337860107421875
total_time,5502.0,0.00022499515470650398
total_time,5408.0,0.0
total_time,5449.0,0.00044243435359270553
total_time,5404.0,0.00016236305236816406
total_time,5693.0,0.0
total_time,5665.0,9.655952453613281e-06
total_time,5657.0,0.0
total_time,5397.0,0.00033605098724365234
total_time,5469.0,0.00010338161698950515
total_time,5646.0,0.0003069639205932617
total_time,5713.0,0.0
total_time,5692.0,0.0
total_time,5632.0,0.0004663822210489615
total_time,5652.0,0.00010215641828166831
total_time,5678.0,4.76837158203125e-07
total_time,5618.0,0.0002444648204465203
total_time,5504.0,0.00032931795788305817
total_time,5422.0,0.0
total_time,5399.0,4.017353057861328e-05
total_time,5431.0,0.00012111663818359375
total_time,5697.0,0.00010406970977783203
total_time,5708.0,0.0
total_time,5640.0,0.0002476048040930393
total_time,5682.0,0.0
total_time,5420.0,0.000354766845703125
total_time,5641.0,0.0
total_time,5711.0,0.0
total_time,5669.0,0.00032159313047207234
total_time,5648.0,0.00017261505126953125
total_time,5718.0,0.0
total_time,5684.0,7.152557373046875e-05
total_time,5698.0,0.0
total_time,5655.0,0.00018084049224853516
total_time,5663.0,0.0002837445098105473
total_time,5688.0,0.0
total_time,5393.0,0.0
total_time,5411.0,0.00015254371884539043
total_time,5426.0,0.0
total_time,5414.0,0.0
total_time,5385.0,0.0
total_time,5391.0,0.0
total_time,5403.0,0.00037890387593397107
total_time,5405.0,0.0
total_time,5679.0,0.0
total_time,5681.0,0.0004978179931640625
total_time,5654.0,0.0
total_time,5662.0,0.0
total_time,5645.0,5.614757537841797e-05
total_time,5406.0,0.0
total_time,5454.0,0.0
total_time,5444.0,0.0
